balajirajput96/codex	51	false	0	skipped,skipped,skipped,skipped	32
balajirajput96/codex	50	false	0	failure,failure,failure,failure,failure,skipped,failure,skipped,skipped,skipped,failure,cancelled,cancelled,skipped,skipped	64
balajirajput96/microsoft-365-agents-toolkit	69	false	0	skipped,skipped,skipped,skipped,skipped,skipped,skipped,skipped,skipped,skipped	22
balajirajput96/codex	48	true	0	skipped,cancelled,skipped,skipped,skipped,cancelled,cancelled,skipped,cancelled,cancelled,failure,cancelled	33
balajirajput96/.github	159	true	0		0
balajirajput96/.github	158	true	0		0
balajirajput96/.github	156	true	0		0
balajirajput96/vscode-live-server-plus-plus	119	false	0		1
balajirajput96/.github	151	true	0		0
balajirajput96/.github	150	true	0		0
balajirajput96/.github	149	true	0		0
balajirajput96/.github	148	true	0		0
balajirajput96/.github	147	true	0		0
balajirajput96/.github	116	true	0		0
balajirajput96/.github	112	true	0		0
balajirajput96/.github	111	true	0		0
balajirajput96/.github	104	true	0		0
balajirajput96/.github	98	true	0		0
balajirajput96/.github	92	true	0		0
balajirajput96/.github	91	true	0		0
balajirajput96/.github	89	true	0		0
balajirajput96/.github	88	true	0		0
balajirajput96/.github	85	true	0		0
balajirajput96/.github	83	true	0		0
balajirajput96/.github	81	true	0		0
balajirajput96/.github	80	true	0		0
balajirajput96/.github	78	true	0		0
balajirajput96/.github	77	true	0		0
balajirajput96/.github	75	true	0		0
balajirajput96/.github	74	true	0		0
balajirajput96/.github	69	true	0		0
balajirajput96/.github	62	true	0		0
balajirajput96/.github	60	true	0		0
balajirajput96/.github	48	true	0		0
balajirajput96/vscode-live-server-plus-plus	111	true	0		0
balajirajput96/vscode-live-server-plus-plus	109	false	0		0
balajirajput96/vscode-live-server-plus-plus	107	true	0		0
balajirajput96/vscode-live-server-plus-plus	106	true	0		0
balajirajput96/vscode-live-server-plus-plus	102	true	0	skipped,skipped,skipped	4
balajirajput96/vscode-live-server-plus-plus	48	false	0		0
balajirajput96/vscode-live-server-plus-plus	47	false	0		1
balajirajput96/vscode-live-server-plus-plus	46	false	0	skipped,skipped,skipped	4
balajirajput96/vscode-live-server-plus-plus	45	false	0	skipped,skipped,skipped	4
balajirajput96/vscode-live-server-plus-plus	39	false	0	skipped,skipped,skipped	4
